ErrorID,ÉtÉ@ÉCÉãñº,î≠ê∂éûçè,èCê≥éûä‘
13,CCConverterStart.java,1382700360458,0
13,CCConverterStart.java,1382700360459,0
13,CCConverterStart.java,1382700360459,0
13,CCConverterStart.java,1382700360459,0
13,CCConverterStart.java,1382700360460,0
13,CCConverterStart.java,1382700360460,0
8,CCConverterStart.java,1382700960460,2
5,CCConverterStart.java,1383037980461,14
49,CCMakeKindsDataStart.java,1383043920461,13
13,CCViewerStart.java,1382700420462,0
13,CCViewerStart.java,1382700420462,0
13,CCViewerStart.java,1382700420462,0
13,CCViewerStart.java,1382700420463,0
13,CCViewerStart.java,1382700420463,0
13,CCViewerStart.java,1382700420463,0
13,CCViewerStart.java,1382700420464,0
13,CCViewerStart.java,1382700420464,0
50,CCMainFrame2.java,1383045900465,0
1,CCCompileErrorKindConverter.java,1383038040465,6
15,CCCompileErrorKindConverter.java,1383038040465,6
5,CCCompileErrorKindConverter.java,1383038040466,6
1,CCCompileErrorKindConverter.java,1383038040466,6
5,CCCompileErrorKindConverter.java,1383038040466,6
49,CCCompileErrorKindConverter.java,1383038040467,7
49,CCCompileErrorKindConverter.java,1383038040467,7
49,CCCompileErrorKindConverter.java,1383038040467,7
2,CCCompileErrorKindConverter.java,1383038160468,1
51,CCCompileErrorKindConverter.java,1383038160468,11
15,CCCompileErrorKindConverter.java,1383038220469,21
10,CCCompileErrorKindConverter.java,1383038220469,28
6,CCCompileErrorKindConverter.java,1383038340469,6
2,CCCompileErrorKindConverter.java,1383038340470,6
9,CCCompileErrorKindConverter.java,1383038340470,6
6,CCCompileErrorKindConverter.java,1383038520470,1
2,CCCompileErrorKindConverter.java,1383038520471,1
10,CCCompileErrorKindConverter.java,1383038520471,1
6,CCCompileErrorKindConverter.java,1383038520471,1
2,CCCompileErrorKindConverter.java,1383038520472,1
49,CCCompileErrorKindConverter.java,1383038640472,20
15,CCCompileErrorKindConverter.java,1383038700472,13
52,CCCompileErrorKindConverter.java,1383038700473,7
33,CCCompileErrorKindConverter.java,1383038700473,28
10,CCCompileErrorKindConverter.java,1383038820473,4
2,CCCompileErrorKindConverter.java,1383038820474,1
4,CCCompileErrorKindConverter.java,1383038820474,1
2,CCCompileErrorKindConverter.java,1383038820474,1
33,CCCompileErrorKindConverter.java,1383038880475,93
23,CCCompileErrorKindConverter.java,1383038940475,1
7,CCCompileErrorKindConverter.java,1383038940475,1
8,CCCompileErrorKindConverter.java,1383038940476,1
10,CCCompileErrorKindConverter.java,1383038940476,1
53,CCCompileErrorKindConverter.java,1383038940476,1
4,CCCompileErrorKindConverter.java,1383038940477,1
2,CCCompileErrorKindConverter.java,1383038940477,1
9,CCCompileErrorKindConverter.java,1383038940477,1
2,CCCompileErrorKindConverter.java,1383044100480,1
10,CCCompileErrorKindConverter.java,1383044100480,2
1,CCCompileErrorKindConverter.java,1383044100481,3
13,CCCompileErrorKindLoader.java,1382700720481,0
13,CCCompileErrorKindLoader.java,1382700720481,0
13,CCViewerStart.java,1382700720482,95
13,CCViewerStart.java,1382700720482,95
13,CCViewerStart.java,1382700720482,0
13,CCViewerStart.java,1382700720483,0
13,CCViewerStart.java,1382700720483,0
13,CCViewerStart.java,1382700720483,0
13,CCViewerStart.java,1382700720484,0
13,CCViewerStart.java,1382700720484,0
13,CCCompileErrorLoader.java,1382700720484,0
13,CCCompileErrorLoader.java,1382700720485,0
13,CCCompileErrorLoader.java,1382700720485,46
13,CCCompileErrorLoader.java,1382700720485,46
13,CCViewerStart.java,1382700720486,46
13,CCViewerStart.java,1382700720486,46
13,CCViewerStart.java,1382700720486,0
13,CCViewerStart.java,1382700720487,0
13,CCViewerStart.java,1382700720487,0
13,CCViewerStart.java,1382700720487,0
13,CCViewerStart.java,1382700720487,0
13,CCViewerStart.java,1382700720488,0
13,CCCompileErrorMaker.java,1382700720488,0
13,CCCompileErrorMaker.java,1382700720488,0
13,CCViewerStart.java,1382700720489,86
13,CCViewerStart.java,1382700720489,86
13,CCViewerStart.java,1382700720489,0
13,CCViewerStart.java,1382700720490,0
13,CCViewerStart.java,1382700720490,0
13,CCViewerStart.java,1382700720491,0
13,CCViewerStart.java,1382700720491,0
13,CCViewerStart.java,1382700720491,0
54,CCCompileErrorMaker.java,1383036720492,4
11,CCCompileErrorMaker.java,1383036960492,42
13,CCViewerStart.java,1382700720492,0
13,CCViewerStart.java,1382700720493,0
13,CCViewerStart.java,1382700720493,0
13,CCViewerStart.java,1382700720493,0
13,CCViewerStart.java,1382700720494,0
13,CCViewerStart.java,1382700720494,0
13,CCViewerStart.java,1382700720494,0
13,CCViewerStart.java,1382700720495,0
13,CCViewerStart.java,1382700720495,0
13,CCViewerStart.java,1382700720496,0
13,CCViewerStart.java,1382700720496,0
13,CCViewerStart.java,1382700720496,0
13,CCViewerStart.java,1382700720497,0
13,CCViewerStart.java,1382700720497,0
13,CCViewerStart.java,1382700720497,0
13,CCViewerStart.java,1382700720498,0
13,CCViewerStart.java,1382700720498,0
13,CCViewerStart.java,1382700720498,0
13,CCViewerStart.java,1382700720501,0
13,CCViewerStart.java,1382700720501,0
13,CCViewerStart.java,1382700720502,0
13,CCViewerStart.java,1382700720502,0
13,CCViewerStart.java,1382700720502,0
13,CCViewerStart.java,1382700720503,0
13,CCViewerStart.java,1382700720503,0
13,CCViewerStart.java,1382700720504,0
13,CCViewerStart.java,1382700720504,0
13,CCViewerStart.java,1382700720504,0
13,CCViewerStart.java,1382700720505,0
13,CCViewerStart.java,1382700720505,0
13,CCViewerStart.java,1382700720505,0
13,CCViewerStart.java,1382700720506,0
54,CCChartPanel.java,1382766240506,112
54,CCChartPanel.java,1382766240506,147
5,CCChartPanel.java,1382766420507,19
13,CCViewerStart.java,1382700780507,0
13,CCViewerStart.java,1382700780507,0
13,CCViewerStart.java,1382700780508,0
13,CCViewerStart.java,1382700780508,0
13,CCViewerStart.java,1382700780508,0
13,CCViewerStart.java,1382700780509,0
13,CCViewerStart.java,1382700780509,0
13,CCViewerStart.java,1382700780509,0
55,CCErrorElementButton.java,1382700780510,2
55,CCErrorElementButton.java,1382700780510,0
56,CCErrorElementButton.java,1382763060511,60
13,CCErrorElementButton.java,1382763120511,6
13,CCErrorElementButton.java,1382763120511,6
13,CCErrorElementButton.java,1382763120512,6
13,CCErrorElementButton.java,1382763120512,6
13,CCErrorElementButton.java,1382763120512,6
5,CCErrorElementButton.java,1382763120513,6
5,CCErrorElementButton.java,1382763120513,6
1,CCErrorElementButton.java,1382763120513,6
5,CCErrorElementButton.java,1382763120514,6
5,CCErrorElementButton.java,1382763120514,6
1,CCErrorElementButton.java,1382763120514,6
5,CCErrorElementButton.java,1382763120515,6
5,CCErrorElementButton.java,1382763120515,6
1,CCErrorElementButton.java,1382763120515,6
5,CCErrorElementButton.java,1382763120516,6
5,CCErrorElementButton.java,1382763120516,6
1,CCErrorElementButton.java,1382763120516,6
5,CCErrorElementButton.java,1382763120517,6
5,CCErrorElementButton.java,1382763120517,6
1,CCErrorElementButton.java,1382763120517,6
57,CCErrorElementButton.java,1382763360518,27
58,CCErrorElementButton.java,1382763360518,27
1,CCErrorElementButton.java,1382763360518,4
1,CCErrorElementButton.java,1382763360519,4
8,CCErrorElementButton.java,1382763540519,6
10,CCErrorElementButton.java,1382763840519,2
59,CCErrorElementButton.java,1382765820520,21
1,CCErrorElementButton.java,1382766600521,2
10,CCErrorElementButton.java,1382766840521,1
4,CCErrorElementButton.java,1382766840521,1
2,CCErrorElementButton.java,1382766840521,1
56,CCErrorElementButton.java,1382767860522,56
13,CCErrorElementButton.java,1382767920522,5
13,CCErrorElementButton.java,1382767920522,5
13,CCErrorElementButton.java,1382767920523,5
13,CCErrorElementButton.java,1382767920523,5
13,CCErrorElementButton.java,1382767920523,5
59,CCErrorElementButton.java,1382767980524,14
1,CCErrorElementButton.java,1382767980524,25
56,CCErrorElementButton.java,1382768580524,6
54,CCErrorElementButton.java,1382768640525,73
13,CCErrorElementButton.java,1382768820525,12
53,CCErrorElementButton.java,1382768820525,2
9,CCErrorElementButton.java,1382768820526,2
60,CCErrorElementButton.java,1382768820526,111
61,CCErrorElementButton.java,1382768820527,60
1,CCErrorElementButton.java,1382769180527,3
60,CCErrorElementButton.java,1382769840527,2
2,CCErrorElementButton.java,1382770560528,33
60,CCErrorElementButton.java,1382770560528,67
60,CCErrorElementButton.java,1382770680529,18
1,CCErrorElementButton.java,1382770680529,47
62,CCErrorElementButton.java,1382770740529,7
63,CCErrorElementButton.java,1382770740530,9
1,CCErrorElementButton.java,1382770740530,35
62,CCErrorElementButton.java,1382772540530,7
1,CCErrorElementButton.java,1382772960531,18
1,CCErrorElementButton.java,1382772960531,18
13,CCErrorElementButton.java,1382773980531,59
5,CCErrorElementButton.java,1382774340532,4
5,CCErrorElementButton.java,1382774460532,43
1,CCErrorElementButton.java,1382774520532,61
13,CCErrorElementButton.java,1382775000533,40
5,CCErrorElementButton.java,1382775120533,2
5,CCErrorElementButton.java,1382775240533,9
5,CCErrorElementButton.java,1382776380534,65
1,CCErrorElementButton.java,1382777880534,2
1,CCErrorElementButton.java,1382777880534,2
1,CCErrorElementButton.java,1382777880535,2
1,CCErrorElementButton.java,1382777880535,1
1,CCErrorElementButton.java,1382777880535,5
1,CCErrorElementButton.java,1382777880536,5
5,CCErrorElementButton.java,1382778000536,1
10,CCErrorElementButton.java,1382778180536,1
30,CCErrorElementButton.java,1382778180537,1
30,CCErrorElementButton.java,1382778180537,1
4,CCErrorElementButton.java,1382778180537,1
5,CCErrorElementButton.java,1383045060538,16
6,CCErrorElementButton.java,1383045060538,0
5,CCErrorElementButton.java,1383045060538,7
51,CCErrorElementButton.java,1383045060539,68
1,CCErrorElementButton.java,1383045480539,9
1,CCErrorElementButton.java,1383045480540,9
50,CCMainFrame.java,1383045480540,121
5,CCErrorElementButton.java,1383045660540,5
62,CCErrorElementButton.java,1383045720541,48
57,CCErrorElementButton.java,1383045720541,1
58,CCErrorElementButton.java,1383045720541,1
50,CCMainFrame.java,1383045720542,0
13,CCViewerStart.java,1382700780542,1
13,CCViewerStart.java,1382700780542,1
13,CCViewerStart.java,1382700780543,1
13,CCViewerStart.java,1382700780543,1
13,CCViewerStart.java,1382700780543,1
13,CCViewerStart.java,1382700780544,1
13,CCViewerStart.java,1382700780544,1
13,CCViewerStart.java,1382700780544,1
1,CCGraphFrame.java,1383044460545,64
13,CCViewerStart.java,1382700840545,1
13,CCViewerStart.java,1382700840545,1
13,CCViewerStart.java,1382700840545,1
13,CCViewerStart.java,1382700840546,1
13,CCViewerStart.java,1382700840546,1
13,CCViewerStart.java,1382700840546,1
13,CCViewerStart.java,1382700840547,1
13,CCViewerStart.java,1382700840547,1
5,CCMainFrame.java,1382760420547,8
5,CCMainFrame.java,1382760540548,19
5,CCMainFrame.java,1382760660548,2
5,CCMainFrame.java,1382760660548,2
1,CCMainFrame.java,1382761620549,3
1,CCMainFrame.java,1382770980549,5
1,CCMainFrame.java,1382770980549,4
5,CCMainFrame.java,1382773800550,7
5,CCMainFrame.java,1382776560550,24
50,CCMainFrame.java,1383045780550,4
51,CCMainFrame.java,1383045780551,27
13,CCViewerStart.java,1382700480551,0
13,CCViewerStart.java,1382700480551,0
13,CCViewerStart.java,1382700480551,0
13,CCViewerStart.java,1382700480552,0
13,CCViewerStart.java,1382700480552,0
13,CCViewerStart.java,1382700480552,0
13,CCViewerStart.java,1382700480553,0
13,CCViewerStart.java,1382700480553,0
13,CCViewerStart.java,1382700540553,0
13,CCViewerStart.java,1382700540554,0
13,CCViewerStart.java,1382700540554,0
13,CCViewerStart.java,1382700540554,0
13,CCViewerStart.java,1382700540555,0
13,CCViewerStart.java,1382700540555,0
13,CCViewerStart.java,1382700540555,0
13,CCViewerStart.java,1382700540556,0
13,CCViewerStart.java,1382700600556,0
13,CCViewerStart.java,1382700600556,0
13,CCViewerStart.java,1382700600557,0
13,CCViewerStart.java,1382700600557,0
13,CCViewerStart.java,1382700600557,0
13,CCViewerStart.java,1382700600558,0
13,CCViewerStart.java,1382700600558,0
13,CCViewerStart.java,1382700600558,0
13,CCViewerStart.java,1382700600559,0
13,CCViewerStart.java,1382700600559,0
13,CCViewerStart.java,1382700600559,0
13,CCViewerStart.java,1382700600560,0
13,CCViewerStart.java,1382700600560,0
13,CCViewerStart.java,1382700600560,0
13,CCViewerStart.java,1382700600561,0
13,CCViewerStart.java,1382700600561,0
13,CCViewerStart.java,1382700660561,0
13,CCViewerStart.java,1382700660562,0
13,CCViewerStart.java,1382700660562,0
13,CCViewerStart.java,1382700660562,0
13,CCViewerStart.java,1382700660562,0
13,CCViewerStart.java,1382700660563,0
13,CCViewerStart.java,1382700660563,0
13,CCViewerStart.java,1382700660563,0
13,CCViewerStart.java,1382700660564,0
13,CCViewerStart.java,1382700660564,0
13,CCViewerStart.java,1382700660564,0
13,CCViewerStart.java,1382700660565,0
13,CCViewerStart.java,1382700660565,0
13,CCViewerStart.java,1382700660565,0
13,CCViewerStart.java,1382700660566,0
13,CCViewerStart.java,1382700660566,0
13,CCViewerStart.java,1382700720566,0
13,CCViewerStart.java,1382700720567,0
13,CCViewerStart.java,1382700720567,0
13,CCViewerStart.java,1382700720567,0
13,CCViewerStart.java,1382700720568,0
13,CCViewerStart.java,1382700720568,0
13,CCViewerStart.java,1382700720568,0
13,CCViewerStart.java,1382700720569,0
